Z_Crudo,Z_Filtrado,D_Kalman
0.04918475546500721,0.04975542663950216,0.04918516247675708
0.049127160305806716,0.049566946739393526,0.04872320542981289
0.0491868478291927,0.04945291706633327,0.04861690644636817
0.049205764104854346,0.049378771177889594,0.04863422689230913
0.04922604668466774,0.04933295382992304,0.0486190388675175
0.04916873934597161,0.04928368948473761,0.048573003472356005
0.049187634781689894,0.049254873073823285,0.04857449976909184
0.04926878133345283,0.04925904555171215,0.04863430402730743
0.049174097151892526,0.04923356103176626,0.048615510672042526
0.04917517652763952,0.04921604568052824,0.04857676938619257
0.04915668952399662,0.04919823883356875,0.04855285526396294
0.04916009519192391,0.04918679574107529,0.048548940616178406
0.049135747928668365,0.04917148139735321,0.04853006825573744
0.04916793152586409,0.04917041643590647,0.04858306722934919
0.049102720687923394,0.04915010771151154,0.04851503483591782
0.04910312309606254,0.04913601232687684,0.048497100194241964
0.049116507212218635,0.04913016079247937,0.04850209247452904
0.049130198193501395,0.04913017201278597,0.04854794842493839
0.04917371209651372,0.04914323403790429,0.048557594098625805
0.04915390318976792,0.04914643478346338,0.04854567752292048
0.0491201989306255,0.04913856402761201,0.04851781125595997
0.049174253417210746,0.049149270844491624,0.048549915142789286
0.04918157479379243,0.04915896202928187,0.04859837275201182
0.04918185490338747,0.049165829891513545,0.048577066204691814
0.049173557961726226,0.04916814831257735,0.04856528334970046
0.049154525815973654,0.04916406156359624,0.04854819364555305
0.04911486565761439,0.049149302791801686,0.048514581222172656
0.04920443001881935,0.049165840959906976,0.04860563624245529
0.04917555944351946,0.04916875650499072,0.04857440385460998
0.049172631174487655,0.0491699189058398,0.048563891519799625
0.04916837992768132,0.04916945721239225,0.04855796261951887
0.04911788358566945,0.04915398512437541,0.048519408087527575
0.049211941303518116,0.04917137197811822,0.04861242823915873
0.04912526774366998,0.04915754070778375,0.04853940768515284
0.04918223045735829,0.04916494763265611,0.04856154148723293
0.049156907967393554,0.04916253573307734,0.04854893487239738
0.04919354195271601,0.04917183759896894,0.04857237487867267
0.049164410597565524,0.049169609498547914,0.04859182575639481
0.04915572718245309,0.04916544480371946,0.04855618512329344
0.04912296059617718,0.04915269954145677,0.04852264843849164
0.04914458032827001,0.049150263777500744,0.04852948905322016
0.04914769658233131,0.049149493618949915,0.04853360324671457
0.049163212161332244,0.04915360918166461,0.04858055961271001
0.04915952990827566,0.04915538539964792,0.048555950157700666
0.04917163912634143,0.04916026151765597,0.04855822063696882
0.04915528939187503,0.04915876987992169,0.04854686017373548
0.04911999654484081,0.04914713787939742,0.04855247576864724
0.049111170229006296,0.049136347584280086,0.04851302337210077
0.049158929979313426,0.04914312230279008,0.048537414698088296
0.04912250125135409,0.049136935987359284,0.048517282654467635
0.04912541140423321,0.049133478612421455,0.0485140186694028
0.04917321069156903,0.049145398236165726,0.04858263137316956
0.04918032516173951,0.04915587631383786,0.04857172846633452
0.04907835793521047,0.04913262080024964,0.048494161850726775
0.04919975605166318,0.0491527613756737,0.04856224752790161
0.04914944366795527,0.049151766063358165,0.04854365980899264
0.04914174363439405,0.04914875933466893,0.048567538207968636
0.0491704007076308,0.04915525174655749,0.04856041906026274
0.049161625405846385,0.04915716384434416,0.048552087523626206
0.0491812936721926,0.04916440279269869,0.04856425326537497
0.049161984002685746,0.0491636771556948,0.048553377406895484
0.04912506492218407,0.049152093485641576,0.04855793236573654
0.04915519659893136,0.04915302441962851,0.04854671500254224
0.049152481764592935,0.049152861623117834,0.04854172192246326
0.04915982737436174,0.049154951348491,0.04854576139025169
0.04911053081088412,0.04914162518720894,0.048510756173279296
0.04913966479683337,0.04914103707009626,0.048557199890636095
0.04920538977574126,0.049160342881789755,0.04858326269204873
0.04912526295852055,0.04914981890480899,0.0485315892973854
0.04913140296291217,0.04914429412223994,0.04852223824818855
0.04917046466353006,0.049152145284626976,0.048548327791590205
0.049126796961235834,0.04914454078760963,0.048557847265979996
0.049228036558486364,0.049169589518872646,0.048600014751346725
0.049144299675387554,0.04916200256582712,0.0485500138421018
0.04913602796032482,0.04915421018417642,0.04853056082315715
0.04919935401128158,0.04916775333230797,0.04860620206821721
0.04919025883271674,0.049174504982430596,0.04858531616689858
0.04915714916406407,0.049169298236920636,0.04855548184683153
0.049125850003540056,0.04915626376690646,0.04852457518912501
0.04912897529451114,0.04914807722518786,0.04851858164693107
0.049172488785970414,0.04915540069342263,0.04858332554773688
0.04910886754608443,0.049141440749221166,0.04851960386460199
0.04913460340919349,0.049139389547212864,0.048521369650438115
0.04910589131330385,0.04912934007704015,0.0485008240783439
0.04917729415962644,0.049143726301816036,0.04854758942020639
0.049117780574146334,0.04913594258351513,0.048551048966513764
0.049123668215784816,0.04913226027319603,0.04852179022293555
0.049167516091072776,0.04914283701855905,0.04854604923873695
0.04913910062127758,0.04914171609937461,0.048531747854819084
0.049152100934172493,0.04914483154981397,0.04853743270010101
0.04913992909195854,0.04914336081245734,0.04856454132191466
0.04912138516541778,0.04913676811834547,0.0485237341798043
0.04919671777980991,0.0491547530167848,0.048567947240232445
0.04919304821718038,0.04916624157690347,0.0485771077877827
0.049160767610518775,0.049164599386988056,0.04855593130492558
0.049113295773919846,0.04914920830306759,0.04855000106616004
0.04916084895640413,0.04915270049906855,0.0485487276300784
0.04921195350325897,0.04917047640032567,0.048585797538704234
0.049107269545007014,0.04915151434373008,0.04851909641460617
0.049164361941495066,0.04915536862305957,0.04854301843722497
0.04914645025588165,0.04915269311290618,0.048570811838982354
0.04918566719650272,0.04916258533798514,0.04857247207255662
0.04916572857894936,0.0491635283102744,0.04855832084972034
0.049154957632622495,0.04916095710697883,0.04854664416103258
0.04913405212772372,0.049152885613202295,0.04856270728901823
0.049155683380913556,0.04915372494351567,0.04854835078852267
0.049180680452610294,0.049161811596244054,0.048562803102331194
0.04913164359105285,0.04915276119468669,0.04853077811404118
0.0491788684240266,0.04916059336348866,0.048556768021406994
0.04918799634466914,0.0491688142578428,0.048604909876808405
0.049159788268274246,0.049166106460972234,0.04856266392394692
0.04914159126194512,0.0491587519012641,0.048538023021815625
0.04917051032153208,0.04916227942734449,0.048552590732913535
0.04916385976865498,0.04916275352973763,0.04855162559673333
0.04911559854771727,0.04914860703513152,0.04855053310254513
0.049184005649364815,0.0491592266194015,0.04856582206458062
0.04913928938358571,0.04915324544865676,0.04853718415113608
0.04914410720735728,0.04915050397626691,0.048533037537138404
0.04911180663979374,0.04913889477532496,0.04850828079869659
0.049142203062060824,0.049139887261345716,0.04855839475512527
0.04916963994878315,0.049148813067576944,0.048557412165328544
0.04914578572957086,0.04914790486617511,0.04853968638074774
0.04909142067695399,0.04913095960940877,0.048495138790412395
0.049045790806279604,0.049105408968470016,0.04844979891588084
0.04916827494621785,0.04912426876179436,0.048561810525704935
0.04910463173015234,0.04911837765230175,0.04851073809934959
0.04919411262268116,0.04914109814341557,0.048562557843589885
0.049142461244139644,0.049141507073632795,0.0485386314688377
0.049094666177650494,0.0491274548048381,0.04849723199902385
0.049126164374146825,0.049127067675630715,0.048543693103735845
0.04916388199503535,0.049138111971452104,0.04854925775502032
0.049151899794294636,0.04914224831830486,0.04854197721910946
0.049152981616018346,0.04914546830761891,0.04854081835385817
0.04911287250496919,0.049135689566823994,0.04854564170874913
0.049112207957396396,0.04912864508399571,0.04851195186117605
0.04912593574062751,0.049127832280985245,0.04851297412852619
0.04908535608494133,0.04911508942217207,0.04848354167452118
0.04920101931443948,0.049140868389852294,0.04856032663279941
0.04911123657563268,0.049131978845586406,0.04854967135294524
0.049145039491158164,0.049135897039257935,0.04853706595188821
0.04911387606796295,0.04912929074786944,0.04851087513573805
0.049212444991175275,0.04915423702086119,0.04857601478754028
0.04913478983622781,0.049148402865471175,0.048536621385744744
0.049179201844111065,0.04915764255906314,0.0485930735808168
0.049173947045855496,0.049162533905100836,0.04856985734255713
0.04909929078561196,0.049143560969254166,0.048508984394662814
0.04913797902183517,0.04914188638502846,0.048520995292004244
0.049213209426091004,0.04916328329734722,0.04857928608043647
0.04909603127325439,0.04914310769011936,0.04854362046774317
0.04914893744341617,0.0491448566161084,0.04853829812118316
0.04919847702106159,0.04916094273759435,0.04857313749054252
0.049184588020436154,0.04916803632244689,0.048572305217303
0.04916600517796762,0.049167426979103104,0.04855847862552457
0.0491709354885226,0.049168479531928946,0.04859287881828039
0.04919101123744657,0.04917523904358423,0.04858229701132754
0.0491098798746134,0.04915563129289298,0.04852006934501889
0.049182458939211464,0.04916367958678852,0.04855652705493621
0.04920576231980719,0.04917630440669411,0.04858335512745063
0.049124468691780776,0.04916075369222011,0.04856552840080199
0.0491694254071634,0.0491633552067031,0.04855916656456071
0.04920478937709617,0.04917578545782102,0.04858335013842561
0.04914525136255496,0.049166625229241194,0.04854624525588686
0.04919001825471704,0.049173643136883945,0.04860357045116854
0.04914867815935914,0.0491661536436265,0.048554171861724914
0.049183699006683776,0.04917141725254368,0.048566572589142
0.049154616437502616,0.049166377008031364,0.04854860543578372
0.049085961802638335,0.04914225244641345,0.04849353247065535
0.049249822954325985,0.04917452359878721,0.0486332261815801
0.049160510436527444,0.049170319650109276,0.04857077991879608
0.04919285319258988,0.049177079712853455,0.04857772403380727
0.049173219067133477,0.04917592151913746,0.0485652115264204
0.04917226702192709,0.049174825169974345,0.04856116186470862
0.049207174793530095,0.04918453005704106,0.048620126802549325
0.04917672508060577,0.04918218856411047,0.04857913989405543
0.04915934177576867,0.049175334527607924,0.04855543202268001
0.04917724458597794,0.04917590754511893,0.04856218528436216
0.04916290995396508,0.049172008267772765,0.048553501136434946
0.049158979288555074,0.04916809957400745,0.0485827925582568
0.04916803138545072,0.049168079117440436,0.048562771986888194
0.04914948417956867,0.04916250063607891,0.04854382999391387
0.049127141572487674,0.04915189291700153,0.04852239857863652
0.04921815822783865,0.04917177251025266,0.0485832848642722
0.04914213817842839,0.049162882210705375,0.04857844453580979
0.049227294342250684,0.04918220585016896,0.04860499043316918
0.04912104516089258,0.049163857643386044,0.048534323585912253
0.049160424739737085,0.04916282777229135,0.04854421631375295
0.04911660070612406,0.049148959652441156,0.04851478564299146
0.049156736733783686,0.04915129277684391,0.04857077710902264
0.04911023231248184,0.04913897463753529,0.04851724059892561
0.04914573493044864,0.04914100272540929,0.04852888525443293
0.04917698883184671,0.04915179855734052,0.048554884874230396
0.049199008988014485,0.049165961686542706,0.04861246710349763
0.0491332465360601,0.04915614714139792,0.04854525898023368
0.04916847510098252,0.0491598455292733,0.048553039717281234
0.04916384871954997,0.049161046486356295,0.048551737813225825
0.049159188338255826,0.049160489041926145,0.0485479773331956
0.04911081575036561,0.049145587054457984,0.048546054302612704
0.049101506908151286,0.04913236301056598,0.04850422870362688
0.04913811696256956,0.049134089196167054,0.048519821988057724
0.04913225289648096,0.04913353830626122,0.04851970740171252
0.049176169906823865,0.04914632778643001,0.0485518261812814
0.04919315768502801,0.04916037675600941,0.04860736407811547
0.049106286212959746,0.0491441495930945,0.048524155302405635
0.049180834942573526,0.049155155197938206,0.048556433035868006
0.04914529495202391,0.04915219712416392,0.04853906474969991
0.04922929734523831,0.04917532719048623,0.048595904951237584
0.04914899755024256,0.04916742829841313,0.04858684748659655
0.04920845377197655,0.04917973594048215,0.048593449742362294
0.04918458947393515,0.04918119200051804,0.048577748932809674
0.049114524151279315,0.04916119164574642,0.04852225053753676
0.04915287387545127,0.04915869631465787,0.04853545373389228
0.04917958274207964,0.0491649622428844,0.04859303954611138
0.04918012733292951,0.04916951176989793,0.04857437250712884
0.04912705686888375,0.04915677529959367,0.04853052041304564
0.04912989236539583,0.049148710419334316,0.04852084600736116
0.04913027786701419,0.04914318065363828,0.04851853596494179
0.049170899259461234,0.04915149623538516,0.04858214969312005
0.049169611133726504,0.04915693070488755,0.048563756187695005
0.0491491654080665,0.04915460111584123,0.048543860352789646
0.049090356504118235,0.049135327732324326,0.04849547817426645
0.04912548807169997,0.049132375834137015,0.04854272808005605
0.049085352951649196,0.049118268969390665,0.04849151192807619
0.049040655716763415,0.049094984993602486,0.04844506795461953
0.049153792900447524,0.04911262736565599,0.048515445496120545
0.049202122068908866,0.04913947577663185,0.04856968250833229
0.0491612225351097,0.0491459998041752,0.04945116499008058
0.049219578263312816,0.04916807334191648,0.04973007686716458
0.049196631039529856,0.04917664065120049,0.049788012545686905
0.04912013739656053,0.04915968967480849,0.04974753913085033
0.04920097592544323,0.04917207554999891,0.04976137644334762
0.04918646518779016,0.049176392441336286,0.04978895732187292
0.04915259956597748,0.049169254578728644,0.04977155624020352
0.04920132608985845,0.04917887603206758,0.049802563925579864
0.049155839879674285,0.049171965186349594,0.04974307841390346
0.049174797718503714,0.049172814945995826,0.04977551319934685
0.04914861885946504,0.049165556120036584,0.04976503981901259
0.049112205542058876,0.04914955094664327,0.04973557708679656
0.049191477898650554,0.049162129032245455,0.04978571396415328
0.04921871139660673,0.049179103741553834,0.04978458862509019
0.04918362304818426,0.049180459533542956,0.04979309641663168
0.04920292275422787,0.049187198499748425,0.04936105931046308
0.04918086238418212,0.04918529766507854,0.049246393894574476
0.0492000293521703,0.04918971717120606,0.04921245269386493
0.049139564897373395,0.04917467148905626,0.049159095123581395
0.049177550036120704,0.04917553505317559,0.04915535716769261
0.04909412736255132,0.04915111274598831,0.04911053383939165
0.04915835418069178,0.049153285176399344,0.04914554075885863
0.04913805940351393,0.04914871744453372,0.04914006402663683
0.049145515170242904,0.04914775676224647,0.049161302430232624
0.04912375422406384,0.04914055600079168,0.049133815235584
0.04920904083497359,0.04916110145104625,0.04917163630685022
0.04912783280047553,0.04915112085587503,0.04913956991463427
0.04915278584382112,0.049151620352258854,0.049149244646268284
0.04916403395072335,0.0491553444317982,0.04917731905805478
0.049178118645495095,0.049162176695907264,0.04917790439668619
0.04918283974857073,0.0491683756117063,0.0491815173250189
0.04919196368392173,0.049175452033370926,0.04918916459048988
0.04917978560158105,0.04917675210383396,0.0491650508045682
0.04918021157796773,0.04917778994607409,0.0491761492609787
0.049208797467040766,0.049187092202364086,0.04921729729610891
0.04917921779841805,0.04918472988118027,0.04874097604163592
0.04912112278506234,0.04916564775234489,0.048570817644719336
0.049174616256491506,0.04916833830358887,0.048581631668156336
0.04917315147603789,0.04916978225532357,0.04856620909377244
0.04908027941372136,0.049142931402842906,0.04851133744871845
0.049204414683561806,0.04916137638705857,0.04857026007075656
0.049123471574955675,0.0491500049434277,0.048526793871725336
0.049164713682107376,0.0491544175650316,0.04856258634615991
0.04913875753616231,0.049149719556370805,0.04853592780366251
0.04918844971426682,0.04916133860373961,0.048582409757357
0.049146517452961495,0.04915689225850617,0.04854692012404352
0.04916013295262901,0.04915786446674302,0.04854737794298455
0.04915017916947993,0.04915555887756409,0.048557461829724216
0.04915313848269473,0.04915483275910328,0.04854508227714463
0.049184641064267336,0.04916377525065249,0.04858207456582579
0.04911224826395688,0.04914831715464381,0.04852174352225786
0.04916605070202404,0.049153637218857876,0.04854496398609154
0.04919584993329848,0.04916630103319006,0.04859024833145983
0.049200485750214074,0.04917655644829726,0.048588527999231045
0.049188316414099466,0.04918008443803792,0.04859640635478615
0.049112451075015495,0.04915979442913119,0.04852573218153512
0.04917153930638014,0.04916331789230587,0.04855005068137507
0.04917277390056017,0.04916615469478216,0.04857471847895163
0.04916225989342992,0.049164986254376486,0.048556383518464044
0.04912719072758166,0.049153647596338036,0.04854304615894495
0.04915839506103053,0.04915507183574579,0.04854506769221674
0.0491944455056329,0.04916688393671192,0.04858924800702557
0.04909900290010235,0.049146519625729045,0.048513969360728035
0.04921178366249239,0.04916609883675804,0.04859360764594796
0.049148952055963445,0.049160954802519655,0.04855170284234208
0.049184540485963275,0.04916803050755274,0.04856652702297839
0.049115016031847876,0.04915212616484128,0.04853685160694417
0.049190895705163655,0.04916375702693799,0.04856719998979483
0.049179043209873284,0.04916834288181857,0.04858390307523902
0.04912059836496816,0.049154019526763446,0.04852834616806708
0.049216931512640776,0.049172893122526644,0.048583980498205774
0.04911954017845884,0.04915688723930631,0.048544840156716576
0.04914692006716617,0.04915389708766426,0.048537148113945626
0.049151696431667447,0.04915323689086521,0.048555831468304195
0.04909550532063814,0.04913591741979709,0.04850245502029249
0.04915630604437153,0.04914203400716942,0.04853266206306271
0.04911484482871394,0.049133877253632774,0.048527652188890595
0.04915178766590558,0.04913925037731461,0.048536105941435224
0.04917903073744354,0.04915118448535329,0.04857556231963939
0.04915131454504324,0.049151223503260275,0.04854859707376928
0.049174988749237716,0.049158353077053504,0.0485587024782138
0.04913502802310032,0.04915135556086754,0.04854940482085077
0.04916537348503602,0.049155560938118084,0.04855188005146813
0.04922229237806747,0.049175580370102896,0.04861145869863952
0.04915107177225894,0.049168227790749704,0.04855803775752077
0.049140207321339134,0.049159821649926536,0.04853577032941945
0.04915952254226163,0.049159731917627056,0.04856119140263366
0.049152138863281084,0.04915745400132326,0.04854534984099481
0.049213503039791384,0.04917426871286369,0.04860327469183379
0.049154618373264965,0.04916837361098407,0.048558441151636905
0.049122077435893474,0.049154484758456886,0.048539854310782275
0.0491625198737311,0.04915689529303915,0.04854723201154772
0.04916861849257376,0.04916041225289952,0.04857092124887543
0.04910851309859436,0.049144842506607965,0.04851602066916805
0.0491262114617291,0.04913925319314431,0.04851426620419688
0.04916254267860884,0.049146240038783665,0.04855764028289827
0.04912225455457629,0.04913904439352145,0.048522521489008506
0.04923212874494784,0.04916696969894936,0.04861079281585585
0.04913913341727302,0.049158618814446456,0.048549119852358144
0.04915480524864006,0.049157474744704534,0.048544067208402424
0.04913031903653764,0.04914932803225446,0.04854203609470775
0.04914809985789639,0.04914895957994704,0.04853726043455166
0.04917483252395966,0.049156721463150824,0.04857279835956638
0.04913072735216409,0.0491489232298548,0.048532785601727045
0.04916283450257713,0.0491530966116715,0.048545568280965665
0.04912538107546574,0.04914478195080977,0.04853882346749842
0.04914747004399937,0.04914558837876665,0.04853593855791341
0.049209823392913354,0.049164858883010656,0.04859805925766376
0.049168414798519244,0.04916592565766323,0.048567143364511824
0.049084644421106764,0.04914154128669628,0.048497535303473324
0.049166181667595676,0.04914893340096609,0.0485558211763873
0.04913672591055897,0.049145271153843956,0.048532627828721676
0.04918460876943184,0.04915707243852032,0.048578713764968286
0.04910174009658151,0.049140472735938676,0.04851315048596896
0.04915607028818169,0.04914515200161158,0.048535355318944234
0.0491076762952208,0.04913390928969434,0.04852312611389632
0.04909572119984976,0.04912245286274096,0.048493849681541926
0.04919954955423028,0.04914558187018775,0.04857926060532491
0.049166420468530564,0.049151833449690596,0.04856064632992006
0.04917115858562489,0.04915763099047088,0.048576375081819695
0.04920998513871061,0.0491733372349428,0.04859176470821388
0.04922007251683641,0.04918735781951088,0.04862052070899805
0.04913749125003422,0.04917239784866788,0.04855052428361632
0.049181961087697075,0.04917526682037664,0.04856432297853577
0.049172292183658234,0.04917437442936111,0.0485781900882029
0.04917327125613721,0.04917404347739393,0.04856537461032168
0.04916954157961594,0.049172692908060534,0.04857645829018019
0.049144940054761874,0.04916436705207093,0.04854417069759383
0.049171184081138575,0.04916641216079122,0.04855473122393768
0.049198246669644397,0.04917596251344716,0.04859461998773054
0.049113390941959045,0.049157191042000725,0.04852594155628022
0.04914549131935855,0.04915368112520807,0.048548286222751036
0.04910507152247304,0.04913909824438756,0.04850743622361843
0.049210179305552826,0.04916042256273714,0.04857343473682537
0.04917700256831184,0.04916539656440954,0.04858407981736785
0.04913094065888472,0.049155059792752094,0.048535964610591495
0.04917571668358375,0.04916125686000159,0.048573098394349555
0.04912707185097942,0.049151001357294936,0.0485301899832106
0.04912651759172089,0.04914365622762272,0.0485182869631596
0.04917066022937408,0.04915175742814812,0.048564660101608474
0.04914348687917017,0.04914927626345473,0.04853994558412843
0.049145309223715024,0.04914808615153282,0.048551905287440855
0.0491781415310055,0.049157102765374626,0.048561896907834676
0.0491349767348304,0.04915046495621136,0.04853297533055175
0.04911468149511582,0.049139729917882694,0.048527616560168886
0.04918644052553614,0.049153743100178726,0.04856146404862514
0.04915167212808811,0.04915312180855154,0.0485623291119099
0.049194710958551546,0.049165598553551536,0.04857681962599924
0.04918080745857005,0.04917016122505709,0.048587772168674694
0.04914599154165589,0.04916291032003672,0.04854797198402959
0.04914899051891533,0.0491587343797003,0.048556750849936776
0.04918927696026648,0.04916789715387015,0.04857134697237546
0.04909325574322834,0.0491455047306776,0.04850496558211902
0.049188185757350504,0.049158309038679474,0.04857392022522479
0.04913781451588042,0.04915216068183975,0.04853827436864615
0.049141823090958325,0.04914905940457532,0.04854890546030216
0.04910768310989781,0.04913664651617206,0.04850951396250352
0.04921624985102219,0.0491605275166271,0.04857843541299494
0.04915771147442277,0.0491596827039658,0.04857129768364872
0.049186718581836125,0.049167793467326894,0.048573371921725
0.04913789934182004,0.04915882522967484,0.04855543743758057
0.04915856761777282,0.049158747946104225,0.04854851424562289
0.049185476268270495,0.0491667664427541,0.04856635768125621
0.04918868717857831,0.04917334266350136,0.048590737254425
0.04916219941098596,0.04916999968774674,0.048560631460193925
0.049134996013458124,0.049159498585460155,0.04854989825733014
0.049186618390503416,0.04916763452697313,0.048567564617578426
0.04913576591002239,0.049158073941887905,0.048535071705137135
0.04919457959585724,0.0491690256380787,0.048586667751217054
0.0491407957618691,0.049160556675215815,0.04854387248147484
0.04922358597257031,0.04917946546442216,0.04861026005362695
0.04911661015585134,0.049160608871850905,0.04853248892743632
0.04920222439284785,0.04917309352814998,0.04857432418831177
0.049119712727067846,0.04915707928782534,0.04854237907062718
0.04913286472034133,0.04914981491758013,0.04852619943992168
0.04914350232018432,0.04914792113836139,0.048546899274012754
0.04916035279116201,0.04915165063420157,0.048547533289211256
0.049115832591262565,0.04914090522131987,0.04853236001429896
0.04915089637932679,0.04914390256872194,0.04853671493239173
0.04913485306266474,0.049141187716904774,0.04854338519577605
0.04917547803089777,0.04915147481110267,0.04855766413874883
0.04915049478610696,0.04915118080360395,0.04854320116546235
0.04914728070894821,0.049150010775207226,0.04855422084518723
0.049167031145560175,0.049155116886313105,0.048554383993025196
0.04911034711227689,0.04914168595410223,0.04853018000553212
0.049137492457976405,0.049140427905264475,0.04852631844935402
0.049102454079612445,0.04912903575756886,0.048499633875317326
0.049154082111176785,0.04913654966365123,0.048547525996970486
0.04919441951558154,0.04915391061923032,0.0485726397922442
0.049145971250828896,0.04915152880870989,0.048561150311585984
0.04919969196688867,0.04916597775616352,0.04858015011858011
0.04914053975626692,0.04915834635619454,0.04854193867796539
0.049164227519225966,0.04916011070510397,0.04856628848883151
0.04918503478756092,0.04916758792984105,0.04857079708906006
0.0491153618087035,0.04915192009349978,0.04853824889392878
0.04916592512097656,0.04915612160174281,0.048549294655394315
0.049170703076390265,0.049160496044137046,0.04855575206437793
0.04907011747600573,0.04913338247369765,0.048501096441425785
0.049181962659824385,0.04914795652953567,0.04855107997901428
0.049161259587312885,0.049151947446868835,0.048566565216111544
0.04915751292786293,0.049153617091167064,0.048550723838293564
0.049165259808461884,0.04915710990635551,0.04855215026409883
0.049165570650635176,0.049159648129639404,0.048570007915522184
0.04917091874291785,0.04916302931362294,0.04856146004455749
0.04917133604120735,0.049165521331898256,0.048576723022502113
0.049152297866618885,0.04916155429231444,0.04854962792451755
0.049161492834128545,0.04916153585485867,0.048566346887801565
0.04914716364847258,0.04915722419294284,0.048543089139063744
0.049158253591494866,0.04915753301250845,0.04856222353533383
0.049232125686565736,0.049179910814725634,0.048604180818698696
0.049220673969290245,0.049192139761095016,0.04860704000001335
0.04922736291329695,0.0492027067067556,0.04862995065171629
0.049130099136372264,0.049180924435640594,0.04854763962637647
0.049131811555029416,0.04916619057145724,0.04854408592058614
0.04915349167113586,0.049162380901360825,0.04854175676497661
0.048863565609605204,0.04907273631383414,0.04832889206213321
0.048667631639276426,0.048951204911466824,0.04814566940521667
0.04843697894558184,0.04879693712170132,0.04791047766205694
0.04804545172031207,0.04857149150128454,0.047578088292483674
0.047379112157854,0.04821377769825538,0.04698398252500451
0.047162189225612154,0.04789830115646242,0.0475628840115351
0.0481798079849778,0.04798275320501703,0.04844570094242221
0.04862002616288395,0.0481739350923771,0.04902176098827743
0.048748399304421236,0.048346274355990336,0.04925284358477189
0.049078357699699544,0.04856589935910309,0.04957355617913189
0.049181976338403155,0.04875072245289311,0.0497353449679353
0.04912500433105301,0.04886300701634108,0.0497197418497333
0.049174240105927275,0.04895637694321694,0.049768851985086446
0.04917253089920546,0.04902122313001349,0.04976351189051671
0.04916039537893296,0.049062974804689324,0.04977044508859028
0.0491685222946605,0.049094639051680676,0.049761004259119654
0.04910970185636922,0.049099157893087234,0.049732662936651226
0.04913702694526134,0.04911051860873947,0.049727824366056946
0.04921608361410752,0.04914218811034988,0.049801649262763044
0.049127969141281126,0.04913792241962925,0.04975692631322568
0.049116146568555855,0.049131389664307225,0.049287842983666355
0.04916440228444784,0.04914129345034941,0.049180230230599795
0.04918319472020308,0.04915386383130551,0.04919964827712469
0.049142464488910347,0.04915044402858696,0.04915778683878254
0.049192483332961175,0.04916305581989923,0.0491831864353658
0.04918259720724274,0.049168918236102276,0.04918275509044248
0.04910206481768975,0.049148862210578514,0.04912368571111089
0.04916826091712599,0.049154681822542755,0.049139069137155
0.04914741516097867,0.049152501824073526,0.04914517885063511
0.04917119653782663,0.04915811023819945,0.04918147300907153
0.049170891302165724,0.04916194455738933,0.049173726661985676
0.04915435515029414,0.04915966773526077,0.04917679362072485
0.049141398778190466,0.04915418704813968,0.04913363490814699
0.04914486628859813,0.04915139082027721,0.049124608959759564
0.04914416784830538,0.04914922392868566,0.04915617494943147
0.049158956189065135,0.0491521436067995,0.04915821095815134
0.04914212084227684,0.049149136777442703,0.049146432175831534
0.049201529298055206,0.049164854533626456,0.04918676606865009
0.04916794921196279,0.04916578293712735,0.04917299117351624
0.04915791557502446,0.049163422728496484,0.04914470717994895
0.04911378633793465,0.04914853181132793,0.04870812220417868
0.049192101598658486,0.049161602747527094,0.048613974583317746
0.049168746863478774,0.0491637459823126,0.0485716509515899
0.04912655202330091,0.049152587794609084,0.0485294216018202
0.04908382700227471,0.04913195955690877,0.0484868293955069
0.04913649133006394,0.04913331908885532,0.04854846559094315
0.0491574163729935,0.049140548274096765,0.04854580337527623
0.04911211141827799,0.04913201721735113,0.04851192450805184
0.04916677146111889,0.049142443490481455,0.048542860621442016
0.04909993143572661,0.04912968987405499,0.04850221963347553
0.049173518234996744,0.04914283838233752,0.048579694968436
0.049180954187279496,0.04915427312382011,0.048571402137712036
0.04913242823756925,0.04914771965794485,0.04853365661974315
0.04916866274738574,0.04915400258477711,0.048550068240858515
0.049178591719336195,0.04916137932514483,0.048578982122934315
0.049181239439584294,0.04916733735947667,0.048588667840032414
0.049192528283104275,0.04917489463656495,0.0485822792376055
0.049143967614730104,0.049165616530014486,0.04854501854024504
0.04913684278416286,0.049156984406259,0.04852981882850734
0.04913076789392196,0.049149119452557885,0.0485385468392321
0.04921855401601893,0.0491699498215962,0.04860514940423174
0.04918039631147307,0.04917308376855926,0.04857781423979268
0.049183242147150946,0.04917613128213676,0.04857257310086246
0.0491286868781648,0.049161897960945174,0.04853123151320024
0.049200950717759456,0.049173613787989456,0.04860755064933923
0.04910081496609168,0.04915177414142012,0.04852020006332619
0.04916025944262535,0.04915431973178169,0.0485403109213976
0.049128082115930165,0.04914644844702623,0.04852214417158431
0.04916261050032829,0.049151297063016845,0.048542552937325435
0.04919944333555471,0.0491657409447782,0.04860948073543041
0.04908380381914103,0.04914115980708704,0.048508264204472754
0.04912940966444549,0.04913763476429457,0.048514529112626964
0.04917446274566299,0.049148683158705096,0.048549188934196276
0.049151432812207775,0.049149508054755896,0.04854161692401143
0.04910936250706042,0.04913746439044725,0.048543286188173135
0.04918606580830548,0.049152044815804714,0.04856538840074326
0.049071926095985374,0.04912800919985891,0.04848775460217275
0.04913036929928383,0.049128717229686376,0.04850973608271197
0.04920367398489392,0.04915120425624864,0.04856928875697034
0.0491304685833715,0.0491449835543855,0.04856615155367566
0.04911933408858362,0.049137288714644935,0.048522664147651454
0.049106492199261984,0.049128049760030046,0.04850161081687773
0.04916014045212444,0.04913767696765836,0.048535242840731546
0.049161912884412795,0.049144947742684686,0.048562799914367856
0.04920080213544047,0.049161704060511416,0.04859865271761503
0.04915010151372369,0.049158223296475095,0.04855389612670268
0.04905854860223032,0.049128320888201654,0.04847488225151775
0.049130976403358506,0.04912911754274871,0.04850673137777742
0.04914306665537166,0.04913330227653559,0.04854136389370505
0.04908546139169764,0.0491189500110842,0.04850847366858694
0.04912351094652332,0.04912031829171593,0.04851026707714866
0.0491708506268507,0.04913547799225636,0.048545402670738175
0.04912832475537551,0.0491333320211921,0.0485236861261101
0.049155457615253806,0.049139969699410604,0.04857222560653377
0.0491884781315572,0.04915452222905458,0.04857490863770696
0.049167348525035404,0.04915837011784882,0.048560159608225184
0.04916022634124883,0.04915892698486882,0.04855099381729379
0.04921031096495623,0.04917434217889504,0.04858520234024751
0.049152786278406795,0.04916787540874856,0.04858675327213716
0.04915706346031496,0.04916463182421848,0.0485558041785209
0.049128937610407354,0.04915392356007514,0.04852692184274152
0.04918409661350133,0.049162975476102995,0.04855956203695356
0.04917033110815335,0.0491651821657181,0.04855823090132688
0.04917434102948892,0.04916792982484934,0.048595305469796256
0.04912557167077736,0.049155222378627746,0.04853504214301438
0.04916680631510375,0.049158697559570544,0.04854908048794891
0.04913043757385882,0.049150219563857026,0.048526218284738576
0.049104635570377975,0.04913654436581331,0.04850120399836612
0.04913662390901685,0.049136568228774366,0.04855241430870036
0.049156607717075675,0.04914258007526476,0.04854626945379273
0.04914948023903604,0.04914465012439614,0.04853940526882778
0.049148312797539284,0.04914574892633908,0.04853671138951923
0.04913694241772838,0.049143106973755867,0.048544913760527844
0.04918536090023459,0.04915578315169948,0.04858255636843555
0.04911324716254383,0.049143022354952784,0.04852260386539531
0.04916204525226257,0.04914872922414572,0.048542262321607875
0.049115373252117324,0.049138722432537196,0.04851336351367729
0.04913944175831077,0.04913893823026927,0.048540487360342756
0.049214175851611155,0.049161509516671836,0.04860246432650587
0.049178327993392834,0.04916655505968814,0.048575580661463474
0.04918814965931054,0.049173033439574854,0.0485755671635925
0.04917556432451982,0.04917379270505834,0.0485663504423518
0.04911384582989192,0.04915580864250841,0.04855319553453777
0.049200942862817336,0.049169348908601085,0.04857893436186883
0.04917421391367349,0.0491708084101228,0.048566264111060096
0.049120557565388724,0.049155733156702575,0.04852358995449493
0.04920685499464394,0.04917106970808498,0.04857532955148302
0.04913513769085333,0.04916029010291548,0.048571188203589716
0.04918021998125899,0.04916626906641853,0.048568585280831036
0.04917312738180475,0.04916832656103439,0.04856269568662165
0.04915100559842095,0.049163130272250354,0.04854492330521853
0.04914863220433989,0.049158780851877214,0.04853842376492026
0.04916582802479989,0.04916089500375402,0.04858376621163429
0.04919514751726087,0.04917117075780607,0.048582883262714205
0.04914294704233403,0.049162703643164454,0.048544433277438404
0.049146122487153554,0.04915772929636118,0.048536455221879285
0.0491830395078722,0.04916532235981448,0.04856134264316517
0.049141364439015976,0.04915813498357493,0.04857199871882229
0.04913536686757272,0.04915130454877426,0.04853596769963705
0.04914854329654747,0.04915047617310622,0.04853595903261573
0.04915982386445114,0.049153280480509695,0.04854421465913809
0.04918263128008252,0.04916208572038154,0.048580370824146075
0.04917125408717912,0.04916483623042081,0.048581730156108574
0.0491304771093272,0.04915452849409272,0.048534995678926655
0.04912918980786526,0.04914692688822448,0.04852153084343227
0.04917921326150726,0.04915661280020931,0.04855454266127134
0.04919366861545582,0.04916772954478326,0.04859121809425053
0.049120113809469845,0.049153444824189235,0.048547199391776756
0.04918171200628461,0.04916192497881784,0.048563249736203296
0.04919648269470764,0.04917229229358478,0.048578363307419055
0.049177559443265455,0.04917387243848898,0.048568560195120986
0.04908457108290133,0.049147082031812686,0.04853235703383195
0.049180267584871394,0.04915703769773029,0.0485582153485162
0.04918961552096665,0.04916681104470119,0.04857198722722111
0.04915816752454505,0.04916421798865435,0.048552655859821485
0.04914943667727253,0.0491597835952398,0.04854108461174156
0.04907335968408725,0.04913385642189403,0.048516787659897996
0.049146508014507984,0.04913765189967822,0.04852932982659622
0.04915355888665202,0.04914242399577036,0.04853785208668145
0.04914677913742343,0.049143730538266275,0.048535172498491076
0.049161709004472906,0.04914912407812826,0.04854538392622988
0.04913497282929977,0.04914487870347971,0.04856304361045287
0.049126179210613324,0.04913926885561979,0.04852684235388454
0.04919954505964144,0.04915735171682628,0.04857084978545107
0.049140994860909025,0.0491524446600511,0.04853977982093491
0.04913210794624551,0.04914634364590942,0.048524948975977714
0.0491291372993449,0.049141181741940064,0.04855329617761934
0.04914236788610698,0.04914153758519014,0.048536081470097116
0.049158337415726505,0.049146577534351046,0.04854315931017311
0.04915736179706104,0.04914981281316404,0.04854434160927366
0.0491476148787216,0.049149153432831306,0.04855477105543795
0.049197658272516064,0.04916370488473673,0.048594199923955896
0.04915871833452026,0.04916220891967178,0.04855901095486046
0.04917420483784182,0.04916580769512279,0.048560919006271824
0.04915949300541075,0.049163913288209175,0.04855066045829463
0.04917142378175206,0.04916616643627204,0.04857389351262101
0.049145475241426484,0.04915995907781837,0.048561123140864894
0.04921269113983075,0.04917577869642208,0.04858965889325731
0.04911649417685019,0.049157993340550515,0.04852688396063068
0.0491053810867155,0.049142209664400006,0.04850192812152077
0.04912292547079777,0.04913642440631933,0.04854258038415412
0.04917682648682388,0.04914854503047069,0.048558435628374357
0.04912770842511999,0.04914229404886548,0.048526727111522415
0.049146353398657305,0.04914351185380302,0.04853187990797384
0.04918055111193868,0.04915462363124372,0.0485582950592464
0.04911813296419882,0.04914367643113024,0.048554175501271515
0.04913098723786687,0.04913986967315123,0.048527985871424775
0.04918117630456014,0.0491522616625739,0.04855770932806121
0.04914369704802557,0.049149692278209395,0.048538236984249986
0.04917454412785548,0.04915714783310322,0.048555601015151655
0.04917246900652486,0.049161744185129704,0.04859323037799679
0.04911051941867381,0.04914637675519293,0.04852346711053435
0.04916286783366324,0.04915132407873402,0.048543095798824404
0.0491510356053571,0.049151237536720946,0.04853969349771336
0.04916937234829308,0.04915667798019258,0.048552205281352706
0.04909763422036794,0.04913896485224519,0.048537537628227274
0.04915034218287128,0.04914237805143302,0.04853769656989973
0.04916768198489572,0.04914996923147182,0.048550432774267585
0.049167005614334465,0.04915508014633061,0.048553350292327005
0.04916379321698271,0.049157694067526236,0.048569028290376126
0.04915957907333982,0.04915825956927031,0.04857014423003534
0.04913486396292257,0.049151240887365985,0.04853510263910894
0.04919327338212176,0.04916385063579272,0.04856847193561311
0.04915446522235682,0.049161035011761944,0.04854900366696721
0.04920676610346496,0.04917475433927285,0.0485993219518741
0.0491287728427279,0.04916095989030936,0.0485557096661719
0.04921915185803265,0.049178417480626346,0.04859293793106225
0.04910654159035207,0.04915685471354406,0.04852047677717912
0.049221458599963824,0.04917623587946998,0.04858518595920319
0.049118143066328473,0.049158808035527524,0.04856138829147086
0.049138273342043605,0.04915264762748234,0.04853525233118047
0.04916867899364111,0.04915745703732996,0.04855050770353386
0.049097740541357474,0.04913954208853821,0.04850266481695427
0.049115440554855935,0.049132311628433525,0.048502802663307226
0.04916621384312911,0.049142482292842196,0.04857450400484305
0.049216291749698805,0.04916462512989918,0.04859588011431594
0.0491825963368566,0.04917001649198641,0.04857694107140401
0.049152487311719,0.049164757737906184,0.04854982503398325
0.049190169476652286,0.04917238125953001,0.04857014457292479
0.04917062853877472,0.04917185544330342,0.04859577999665442
0.049192846532553465,0.049178152770078434,0.04858441790899509
0.04910547154005279,0.04915634840107074,0.048517410512961004
0.049157219139645075,0.04915660962264304,0.04853733780737804
0.049153776936655236,0.049155759816846695,0.04854015744234589
0.04914537074598899,0.04915264309558938,0.04856925498162624
0.0491258892501817,0.049144616941967076,0.0485282944200062
0.04916234873829215,0.04914993648086459,0.04854400926831339
0.049137965787065835,0.04914634527272496,0.04853037049009034
0.04918563930977014,0.04915813348383851,0.04857886332079187
0.04917656157750997,0.049163661911939945,0.04858521157438509
0.049183423998147145,0.04916959053780211,0.04857468833486126
0.04914113933382351,0.04916105517660852,0.048540914118663195
0.04917809772756995,0.049166167941896946,0.04855891976669646
0.04920050193562894,0.04917646814001654,0.04859739327366548
0.04917617110508642,0.049176379029537504,0.04858989081464035
0.04924913699794449,0.04919820642005959,0.04862404738807827
0.04919282978708958,0.049196593430168585,0.04859197987516889
0.04908562010342876,0.04916330143214663,0.048504904475478436
0.04918050637286899,0.04916846291436334,0.048585530041655285
0.04918501834237711,0.04917342954276747,0.04857594080889022
0.04916449718327362,0.04917074983491931,0.048558348850620825
0.04916319035552636,0.04916848199110142,0.04855267843530152
0.049103036285342794,0.049148848279373825,0.04850712321643953
0.04918257338129505,0.04915896580995019,0.048587637706691576
0.04911804009346846,0.04914668809500567,0.048527474074831475
0.04913752765312813,0.0491439399624424,0.04852561916204725
0.04914712247453776,0.049144894716071,0.04853214603642608
0.049172161500806714,0.04915307475149171,0.04855222474654592
0.04918892954377902,0.0491638311891779,0.04860437565914038
0.049158712975994924,0.049162295725223,0.04856173361217274
0.04914540692771277,0.04915722908596993,0.04854056700673365
0.04918702638988297,0.04916616827714384,0.04856536299279201
0.04914149361056048,0.04915876587716883,0.048538674749357996
0.04914311129783776,0.04915406950336951,0.04856720366439378
0.049194236416458315,0.04916611957729614,0.04857777836947818
0.04912386672283972,0.049153443720959214,0.04852909766212388
0.04919051679481786,0.0491645656431168,0.04856484494491744
0.049109325818527484,0.04914799369574001,0.04853223537022969
0.0491412994730281,0.04914598542892644,0.04854690400062469
0.049146554572994494,0.049146156172146856,0.04853743355895057
0.0490831303359522,0.049127248421288454,0.04848846619780577
0.049175746536099026,0.049141797855731625,0.04854314519704298
0.049176779203907284,0.04915229226018432,0.048575800245551325
0.049172062673804334,0.04915822338427032,0.04858109739975715
0.049168054931926795,0.04916117284856726,0.048562335007754
0.04914144685629154,0.04915525505088454,0.04853782917671204
0.04921751888045448,0.04917393419975552,0.04858695144579637
0.04914886730131223,0.04916641413022253,0.0485843530532095
0.04913452243082728,0.049156846620403954,0.04853865986295768
0.04915421626824728,0.04915605751475695,0.04854083329911755
0.049105429737720786,0.0491408691816461,0.04850570145051099
0.049150737906329095,0.049143829799051,0.048529455781467425
0.04916223377240509,0.049149350991057224,0.04857873207234218
0.04913216465517241,0.049144195090291776,0.0485354277141014
0.04913564701007576,0.04914163066622697,0.04852637360700127
0.04912136090290221,0.04913554973722954,0.0485134894100222
0.0491719842854398,0.04914648010169262,0.04854709598791505
0.04916321493732992,0.049151500552383806,0.048584177013989684
0.04921562064247507,0.04917073657941118,0.048597980704720094
0.04917003056910471,0.04917052477631923,0.04856830514247595
0.049160186531981495,0.04916742330301791,0.0485531472642119
0.049195466252453066,0.04917583618784845,0.048574912270834096
0.04920736070837865,0.04918529354400751,0.04862394731188125
0.049183675538459114,0.04918480814234299,0.048585251684730095
0.04919351842817892,0.04918742122809377,0.04858208871805252
0.04911234901876575,0.049164899565295364,0.04852182107197478
0.04913316842389157,0.049155380222874225,0.04853816115673079
0.04913480143424457,0.04914920658628533,0.0485437349157931
0.049192436040129406,0.049162175422438545,0.048570171970297754
0.049143046490213615,0.049156436742771065,0.048541100097801215
0.04911516581030994,0.04914405546303272,0.04851290023880425
0.04914103537115791,0.049143149435470275,0.048541529831786334
0.049212725000421176,0.049164022104955546,0.04860168155910201
0.04915232470258017,0.049160512884242925,0.04855633518953089
0.04915574908606754,0.049159083744790305,0.048546691489121975
0.04914658409488362,0.049155333849818295,0.04853739822818781
0.049154120892868254,0.049154969962733275,0.04857492120451019
0.04916145878137832,0.04915691660832679,0.048555851383889424
0.04914388933554747,0.049153008426492985,0.04853787991384527
0.04917941249979306,0.049160929648483,0.048559069234033525
0.0492099938745145,0.049175648916292454,0.04858713401532753
0.0491557801190906,0.04916968827713189,0.04858946250640517
0.04912943569219109,0.04915761250164964,0.048536305185688716
0.04912822470772407,0.04914879616347197,0.048521175222373904
0.04920404039950183,0.049165369434280924,0.04857262209931449
0.049151440460803275,0.049161190742237626,0.04854790142084148
0.04908766328038086,0.0491391325036806,0.04852908517760919
0.04920062546208269,0.049157580391201224,0.04857224165773647
0.04913325931416139,0.04915028406808927,0.04853448995874616
0.049171358015504193,0.049156606252313745,0.04855226460657412
0.04915014829212284,0.04915466886425647,0.04854150071397574
0.04913662198533407,0.049149254800579745,0.048563210372872014
0.04912760058495559,0.04914275853589249,0.04852792755597519
0.04913538334629591,0.04914054597901352,0.04852417093040533
0.04916489691386789,0.04914785125946983,0.04854476977659288
0.04914908305348298,0.04914822079767377,0.04855596056104508
0.04916170988333837,0.04915226752337315,0.04856820260369439
0.04915857625648233,0.0491541601433059,0.04855194098554862
0.04917058949396247,0.04915908894850286,0.048556377998297685
0.04919459859835699,0.0491697418434591,0.04857514277654162
0.04918322193900882,0.04917378587212401,0.04858909038057176
0.049180074995855194,0.04917567260924336,0.048590523907531005
0.04917461422685482,0.04917535509452679,0.04856966257004859
0.04917948807073904,0.049176594987390465,0.048567640692868556
0.04914194095823916,0.049166198778645066,0.04853961253848355
0.04914473291494039,0.049159759019533664,0.048568642050342156
0.049157053931424284,0.049158947493100846,0.04855094431563487
0.04916898925954214,0.04916196002303323,0.048554939488499475
0.049139704545162526,0.04915528337967202,0.04853457209303114
0.04916595909510538,0.04915848609430202,0.0485483343303515
0.049158201890807975,0.049158400833253804,0.048580839022090753
0.04920075220977469,0.049171106246210065,0.0485862018443208
0.04913774233347271,0.04916109707238886,0.048541512377374814
0.04912268203322401,0.0491495725606394,0.04851851296583717
0.049203634556450715,0.04916579115938279,0.04857161165209211
0.04915595154227362,0.04916283927425004,0.04858542879219118
0.04919149840585473,0.049171437013731445,0.04858065741487996
0.04917448803422214,0.04917235231987865,0.04856692647189195
0.04916481406659281,0.04917009084389289,0.048556165440991554
0.04913199944349331,0.049158663423773015,0.048529260060112
0.049192930074243996,0.049168943418914306,0.04860115088151361
0.04919876462685431,0.0491778897812963,0.04859018937896795
0.0490920034131001,0.049152123870837436,0.04850909762046721
0.04911991086558923,0.04914245996926297,0.048507798822395976
0.04915478709367928,0.04914615810658786,0.04855022987095672
0.049174218177729344,0.0491545761279303,0.04857582377692336
0.049192289724499835,0.04916589020690116,0.048578663044248856
0.049196129855930186,0.04917496210160986,0.048582234994950575
0.049185889678781444,0.04917824037476134,0.048575695766305126
0.04912878645721614,0.04916340419949777,0.04854938901532561
0.04919456517005989,0.0491727524906664,0.04859049350250323
0.049222875512005916,0.049187789397068256,0.04860498413581513
0.04920376946800484,0.04919258341834923,0.048594880294368425
0.04907655158436555,0.04915777386815412,0.04849904302375699
0.04919629810744651,0.04916933113994183,0.04859551982245044
0.04915890682163499,0.04916620384444977,0.04855950260274072
0.04915229774896879,0.049162032015805476,0.04854501364082331
0.04912777755005986,0.049151755676081786,0.04852318130376535
0.049158910484094674,0.04915390211848565,0.04854012223618396
0.049152439630442496,0.0491534633720727,0.04857442033073638
0.04921184558087907,0.04917097803471461,0.048592602872431556
0.04917291823085808,0.049171560093557644,0.04856897807177574
0.049165755137605564,0.04916981860677202,0.04855740407731847
0.04911864845777417,0.04915446756207266,0.04851981835183798
0.04922559403098986,0.04917580550274782,0.048622532659320615
0.04924498614180877,0.049196559694466103,0.048629755106413555
0.04917108801553501,0.04918891819078677,0.04857759317226295
0.04914686379650391,0.04917630187250191,0.04854588306502721
0.04918503568535046,0.04917892201635647,0.04856533012945803
0.04914238659452258,0.0491679613898063,0.04857381543231837
0.049176990908574005,0.04917067024543661,0.04856692539938047
0.04915080426123979,0.04916471045017756,0.04854590926429041
0.049199163160888265,0.04917504626339077,0.048575679179405806
0.049145503278943986,0.049166183368056726,0.04856162213372516
0.04916763621130391,0.04916661922103088,0.04857405799069502
0.049177891203878894,0.04917000081588528,0.04856764945460661
0.049127285071251234,0.04915718609249506,0.048528886032279034
0.04913617906561135,0.04915088398442995,0.04852501026032433
0.049147597529572346,0.04914989804797266,0.04854957853563965
0.049189204563847067,0.04916169000273497,0.04858662004821117
0.04911373677490527,0.04914730403438605,0.04852405114623407
0.049158432371207844,0.04915064253543259,0.04854000530684608
0.04916164160202046,0.04915394225540895,0.048546629531306035
0.04916617121264256,0.04915761094257903,0.048586216171048045
0.04917596469390624,0.04916311706797719,0.048569496926032366
0.049138781504910044,0.04915581639905704,0.04943468728917286
0.04916212621791036,0.04915770934471304,0.04964910808524628
0.04919425164993686,0.049168672036280184,0.04976457519188669
0.0491218218307905,0.049154616974633275,0.04974249220226519
0.04912071227021323,0.04914444556330726,0.049735762828313004
0.04916710453831766,0.04915124325581038,0.04975067330581097
0.04911396996679809,0.04914006126910669,0.049715771350224584
0.0491438849916992,0.049141208385884434,0.04974556660706503
0.049136265140842565,0.04913972541237187,0.04974797210410055
0.04910035457327178,0.04912791416064184,0.049722328295098164
0.049097704324492175,0.049118851209796935,0.049679021161392146
0.049166420666383714,0.04913312204677297,0.049752216682497595
0.04914292392607452,0.049136062610563434,0.04975462855554879
0.04915457680850682,0.04914161686994645,0.04976380531698018
0.049122349914949875,0.04913583678344747,0.04974267249934105
0.049180300059452293,0.049149175766248915,0.049313739411049225
0.049129648362372734,0.04914331754508606,0.049178975410199395
0.04917003415141976,0.04915133252698617,0.04917242995448908
0.04915160782818728,0.0491514151173465,0.04915718710011455
0.04913869925729636,0.04914760035933145,0.04914365305984929
0.04915265748795422,0.049149117497918275,0.04916749264823198
0.04914781626602499,0.049148727128350285,0.04915308853674734
0.04917434630117456,0.049156412880197564,0.04915140241084659
0.04917323458597829,0.04916145939193178,0.04916738467228274
0.04917286170060709,0.049164880084534374,0.04917139413529066
0.049235458855821396,0.049186053715920476,0.04921829276569186
0.04914662408468668,0.04917422482655033,0.049183075539401405
0.04921928804917755,0.04918774379333849,0.049209584936427145
0.04919197486890535,0.04918901311600855,0.04917944558275967
0.049167611625293595,0.04918259266879406,0.04917078252463989
0.049160511774441154,0.049175968400488185,0.04916326381366257
0.0491635125583431,0.04917223164784466,0.04916344590740683
0.04913829885309581,0.04916205180942,0.04916228487550727
0.04920707450845096,0.049175558619129284,0.04919507316247441
0.04915356249720813,0.04916895978255294,0.049147437356926706
0.049155562062477155,0.0491649404665302,0.04872218781626638
0.049162102615986844,0.049164089111367194,0.04859578267322667
0.04913595439811375,0.049155648697391155,0.04854277069321956
0.04917174827887868,0.04916047857183741,0.04857201700482427
0.04919877647918079,0.04917196794404042,0.04858239165674183
0.04917746875801808,0.04917361818823371,0.04858682109137708
0.0491251730644609,0.04915908465110186,0.04853247696059282
0.04913644387935188,0.04915229241957686,0.048543414193295484
0.04912324832420686,0.049143579190965854,0.04851943710964858
0.049217089188120344,0.0491656321901122,0.048581708749659384
0.04912500904892905,0.04915344524775725,0.04854823493457237
0.04910158953767893,0.049137888534733755,0.04850487349121191
0.04912967420311588,0.049135424235248394,0.04853106211901103
0.049153721640923805,0.04914091345695101,0.048538435397431155
0.04917982010443722,0.04915258545119687,0.0485595164627207
0.04916373538263983,0.049155930430629755,0.048570638173076115
0.04922201767307696,0.04917575660336391,0.04859903593464897
0.04915971064605038,0.04917094281616985,0.048578281071994044
0.04918326937472738,0.04917464078373711,0.04857271812014313
0.049157307832544316,0.04916944089837927,0.048569470253283085
0.049162561998897986,0.04916737722853488,0.048555198417186335
0.04916472628344209,0.04916658194500704,0.04855295865647802
0.04916433886048135,0.04916590901964933,0.04856932279063049
0.0491247478217558,0.049153560660281266,0.04852747700577319
0.04915685032196017,0.049154547558784935,0.04855701301223038
0.04918208930224636,0.04916281008182336,0.04856615548769216
0.049153646692298956,0.04916006106496604,0.0485477837710276
0.04917855845785515,0.04916561028283277,0.04857834565199394
0.04910968984349094,0.04914883415103022,0.04851887146903978
0.049150845380665185,0.04914943751992071,0.04855031124348785
0.04911045515961729,0.049137742811829685,0.04851191992220862
0.0492025054143082,0.04915717159257324,0.04856901846195889
0.049155224831068406,0.049156587564121786,0.04856695406994774
0.04910461292472247,0.049140995172301985,0.04851210254134556
0.04916408939196464,0.04914792343820078,0.04855819280394576
0.04912012778243697,0.049139584741471634,0.048521112631314874
0.049140938854914024,0.049139990975504345,0.04854365968093322
0.0491548381723552,0.049144445134559595,0.04854262826171083
0.04913290241386506,0.049140982318351234,0.04852629380404579
0.049190101881513765,0.04915571818729999,0.04858103780530719
0.04918485191949568,0.049164458306958696,0.048574615287783784
0.049232037963469394,0.0491847322039119,0.04862468485051373
0.04913575412312603,0.049170038779676135,0.048550368396816625
0.04917715530015241,0.049172173735819016,0.04856076312814061
0.04916169869507175,0.04916903122359483,0.04856948125728963
0.0491665325057243,0.049168281608233666,0.04855810797842966
0.049148719848601724,0.04916241308034408,0.04855926863702909
0.04915014605534887,0.04915873297284551,0.04854337580084772
0.04916009653009952,0.04915914204002171,0.048563649470821195
0.04913204003618835,0.0491510114388717,0.048531295115776175
0.04915754142530395,0.049152970434801366,0.04854129410496644
0.04919959155685058,0.04916695677141612,0.04859200404831898
0.04913429144888414,0.04915715717465653,0.048540540850400556
0.049173919228378944,0.04916218579077325,0.048573008765576506
0.04916935751510476,0.0491643373080727,0.04856112122182478
0.049178819325004786,0.04916868191315232,0.04856486248965489
0.049153407138623845,0.04916409948079378,0.04856450983730316
0.04915799690582781,0.04916226870830399,0.04855052739766176
0.04913482930128532,0.049154036886198384,0.048547068840153626
0.049154978301152084,0.049154319310684494,0.048543644324569715
0.04918390978306506,0.049163196452398666,0.04856390604308313
0.04913667337259135,0.04915523952845646,0.04855200359127894
0.04915426910740661,0.049154948402141505,0.04854444742129449
0.04916252357532233,0.04915722095409575,0.04856571333106984
0.04909508353129286,0.04913857972725488,0.048504794086209446
0.049159894757524004,0.04914497423633562,0.048553163823764366
0.049159095028635386,0.04914921047402555,0.04854829112418482
0.0491757609003379,0.049157175601919255,0.04855918575310615
0.04913212466778837,0.049149660321679986,0.04854740891036715
0.04910684667600954,0.04913681622797885,0.048508500651053596
0.04889077947253276,0.04906300520134502,0.04835715093311414
0.048599200077162875,0.04892386366409037,0.04808589807704978
0.048542903583272005,0.04880957563984486,0.047972004199506625
0.04812376848047662,0.048603833492034385,0.04765190612603103
0.04756506217656714,0.04829220209739421,0.04713988681525692
0.04650739742139761,0.047756760694595224,0.04624567520578369
0.047520439840987506,0.0476858644385129,0.04761006492436466
0.04812320091451548,0.04781706538131367,0.04843415166778382
0.04861145387996865,0.04805538193091016,0.04899514313331727
0.04864637158648152,0.04823267882758156,0.04918826976823567
0.04884631469599032,0.04841676958810418,0.049386386408882786
0.04913337547631297,0.048631751354566814,0.04963236678929105
0.04916923752448076,0.04879299720554099,0.0497417777644145
0.04915722979352363,0.04890226698193578,0.04974505618818085
0.04911590119947086,0.0489663572471963,0.04973292789804631
0.04910284702162329,0.0490073041795244,0.04972012181106369
0.0490837713150162,0.04903024432017193,0.04968547815445508
0.04919366146714246,0.04907926946426309,0.04977388847876858
0.04919520779384665,0.04911405096313815,0.04978146205396677
0.049194130528777004,0.0491380748328298,0.04979995066407754
0.04916978806155542,0.049147588801447484,0.04976983685992127
0.04908960958539327,0.04913019503663121,0.04927187593427269
0.04916419412474045,0.04914039476306398,0.049193047378644134
0.0491676270812549,0.04914856445852125,0.04917443842941168
0.049134746974184275,0.04914441921322015,0.04916263015707566
0.04910902549122376,0.04913380109662123,0.04912338881814933
0.0491618358693457,0.04914221152843857,0.04915153401302628
0.04910709205943529,0.04913167568773759,0.04910175235549327
0.04916925543660504,0.04914294961239782,0.04915116804053451
0.04916613168380282,0.04914990423381932,0.04916212218767325
0.049190298265010445,0.049162022443176655,0.04919999639735885
0.04917866578289624,0.04916701544509253,0.04918438130381557
0.04914938519706689,0.04916172637068483,0.04917601026512521
0.049174506794790296,0.04916556049791647,0.049140413869418816
0.049168201206010766,0.04916635271034475,0.04916075561161112
0.04918891211728818,0.04917312053242778,0.04918136760433033
0.04915285165132041,0.04916703986809557,0.04917774036741763
0.04917186350764404,0.04916848695996011,0.049173438207474406
0.04909845759945611,0.04914747815180891,0.04911854859282261
0.04912077684890805,0.049139467760938645,0.04910293189997263
0.04914944609055488,0.049142461259823515,0.04913698265075178
0.0491651387199899,0.04914926449787343,0.04870914919653893
0.04917442472079451,0.04915681256474975,0.04863580517140929
0.04912488330215999,0.04914723378597281,0.04854539008455304
0.04919033048493407,0.04916016279566119,0.04856907409804919
0.049207960439123975,0.04917450208870002,0.04858832623254113
0.04917045274615262,0.0491732872859358,0.048583275179017886
0.04915938901756022,0.04916911780542313,0.04857382254185461
0.04922982580219467,0.04918733020445459,0.048605605130917794
0.049191570453941846,0.04918860227930076,0.048586116391408335
0.04913231911988838,0.049171717331477044,0.0485375194124519
0.04917201614521459,0.04917180697559831,0.04858805390966767
0.049199843788101,0.04918021801934912,0.048587470056800676
0.04912842929342226,0.049164681401571056,0.04853503457539477
0.049198496347679116,0.04917482588540347,0.04857227717415003
0.04918819337298484,0.04917883613167788,0.048574713997465234
0.04918748947173121,0.04918143213369387,0.048609347429857036
0.04916099463842921,0.049175300885114466,0.04856473608694884
0.04919323121953028,0.04918067998543921,0.04857638132887162
0.04914295466548497,0.049169362389452936,0.04854269667004984
0.04917735485235869,0.04917176012832466,0.048558853577502656
0.04914589767291801,0.04916400139170266,0.04857465033322703
0.04916453591426388,0.049164161748471026,0.04855803142176172
0.049121929401921255,0.04915149204450609,0.04852238826608739
0.0491920938827728,0.0491636725959861,0.04856420167617878
0.049185375609954854,0.04917018350017672,0.04857048742860372
0.049128363692477785,0.049157637557867034,0.048564931849693224
0.049175474417892134,0.04916298861587456,0.048563434902361875
0.0491880294808249,0.04917050087535966,0.04857222474049226
0.04916419522978256,0.04916860918168653,0.04855713208779763
